Indicator,Prediction,Probability of 1
1,1,0.9957969979617444
0,0,0.03275864935037975
0,0,0.034279174191008545
0,0,0.07328899511932925
0,0,0.03438792659881905
0,0,0.19712429532183962
0,0,0.022059970623132804
0,0,0.020249532407392943
0,0,0.013921310889042552
0,1,0.8492403951594704
0,0,0.09578108621993556
0,0,0.014518039044230692
1,1,0.5803493359832311
0,0,0.012872637987763088
0,0,0.03436498473558929
0,0,0.3466633377137153
0,1,0.9376137558027225
0,0,0.08773396665409579
0,1,0.8085535558713162
0,0,0.04720211117344791
0,1,0.7942307310632097
0,1,0.5630855433174314
0,0,0.15994119761196543
0,0,0.24559540924482126
0,0,0.004676094310912391
1,1,0.9734289160362514
1,1,0.9923608010970613
0,0,0.031089202370481687
0,0,0.19229958760745394
0,0,0.00963446778422975
0,0,0.05944106837988203
1,1,0.9784387746291903
1,1,0.8566360057107559
0,0,0.12141847239083053
0,0,0.09215184171317496
0,0,0.058794304568519216
1,1,0.9984070117233016
1,1,0.9876746640128486
1,1,0.9784389245194541
1,1,0.9044325901553121
0,0,0.031838241889087925
0,0,0.012902755395281193
0,0,0.02132553465696625
0,0,0.033233526154850694
1,1,0.9898143659834647
1,1,0.9344439700779377
1,1,0.5857391557917718
1,1,0.7034333700972505
1,1,0.9929426603328292
0,0,0.004611871028517219
1,1,0.9784870152294892
1,1,0.9786937068684299
1,1,0.5637234079820106
1,1,0.9497434073328367
1,1,0.9887144735102731
0,0,0.030046262859543187
0,0,0.02096336227415814
0,0,0.00868888100359545
0,0,0.23569298389677332
0,0,0.025540746038489708
1,1,0.962812974453934
1,1,0.8978759627774086
0,0,0.0163730152051027
0,0,0.03118183233470344
0,0,0.4493910740149633
0,0,0.015034275500566362
0,0,0.01547577740869387
1,1,0.9560735347084638
1,1,0.9581474049621823
0,0,0.024181197590606433
0,0,0.05860677891385313
1,1,0.7770821360900517
1,1,0.9857234285788996
0,0,0.04083149715007953
1,1,0.9923998593801097
1,1,0.9954350108318832
0,0,0.04548411578729148
0,0,0.056758214425618694
0,0,0.026761414724757134
1,1,0.9855029951196631
0,0,0.08736435314237467
1,1,0.9842558323257803
1,1,0.9418970146130861
1,1,0.9831439993177035
1,1,0.9757209428276471
0,0,0.012977113899835569
0,0,0.04020336252428533
0,0,0.18723902415480523
0,0,0.0222209429535593
0,0,0.15195976304281728
0,0,0.2562029108052924
1,1,0.9462055920420925
0,0,0.0735965971075373
0,0,0.06639885754816052
1,1,0.9702757524673495
0,0,0.0049491451264144
0,0,0.006023421805108618
0,0,0.006023421805108618
0,0,0.27981191681830075
0,0,0.1694368378183504
1,1,0.8394121510184985
0,0,0.18075226151257962
0,0,0.058313314994700084
0,0,0.2122550994877821
0,0,0.039702427275363765
1,1,0.8675318552047233
0,0,0.05015180302494182
0,0,0.0246588374455578
0,0,0.2027783511055964
0,1,0.5698338260815738
0,0,0.1008482548683636
0,0,0.05843995407292575
1,1,0.9807036693005701
1,1,0.7973606738780099
0,1,0.8559866048886094
0,0,0.09375405098721658
0,0,0.2020242671837568
0,0,0.38760479530296227
0,0,0.16009427012452712
0,0,0.25283781291473273
1,1,0.8213624241912876
1,1,0.8208455499720272
0,0,0.15900186876640213
1,0,0.4493841775494171
1,1,0.9820413164981471
1,1,0.9643330946636851
1,1,0.9823942424028401
0,0,0.24434040892692985
1,1,0.9884137021023335
0,1,0.5325406188533491
1,1,0.9665620348236837
0,0,0.040711757804818074
0,0,0.02903812351520014
1,0,0.2231248952803813
0,1,0.9653356539590691
0,0,0.054673344255554514
0,0,0.12179640812890258
0,0,0.23369514385285442
0,1,0.563292105961571
0,0,0.05895274098917509
0,0,0.18038192381474907
1,1,0.9397988057043677
1,1,0.7893604348399094
1,1,0.9157996660680314
1,1,0.924762840111218
0,0,0.2048305942387249
1,1,0.9409499698393785
1,1,0.9726629518419663
1,1,0.9338862175614058
1,1,0.9540341482207236
1,1,0.9968263895589635
1,1,0.9799137003900809
1,1,0.982570256254711
1,1,0.9338339940514999
1,1,0.9289430240364683
1,1,0.9822614310538285
1,1,0.9101372560958505
1,1,0.9182872738316786
0,0,0.17139505935080235
1,1,0.9182872738316786
1,1,0.9842155590340279
1,1,0.9868698565512605
0,0,0.07071532173868847
0,1,0.9580388573663318
0,1,0.9408113101987726
0,0,0.08720716777464413
0,0,0.32634751296433173
0,0,0.16196451500523099
0,0,0.02328202177956236
0,1,0.6290711572440018
1,1,0.977176891951848
1,1,0.9462646161075757
0,0,0.11575947991823592
0,0,0.011645213087408367
0,0,0.07668109360450537
0,0,0.2880696269246744
1,1,0.9950921538904253
0,0,0.05089518479020553
0,1,0.9877306695537019
0,1,0.6963331456113563
0,0,0.3220087063067883
1,1,0.7623409245726833
1,1,0.8890544216331184
1,1,0.9792296841695713
1,1,0.9931458001446744
1,0,0.22702587700846855
0,0,0.08449872437960287
1,1,0.9756902213909373
0,0,0.028774817010709986
0,1,0.92134669570131
1,1,0.970789987917775
0,0,0.1247550306539467
1,1,0.8766338775021432
1,0,0.32861155960571264
1,1,0.9883992805639686
1,1,0.6340612545830306
0,0,0.4672630446482626
0,0,0.03445967400022589
0,0,0.02148962719774545
1,1,0.7350999796582728
0,0,0.13593426079260135
1,1,0.6376567567316471
1,0,0.4221734169715808
1,1,0.9353427681407225
1,1,0.9006553789073892
1,1,0.5074764831157742
0,0,0.021852695019087685
0,0,0.03331675546988391
0,0,0.15605290719619075
1,1,0.5318228162884528
1,1,0.9738562743979028
0,1,0.6940250926859112
0,0,0.007543209069814253
0,1,0.8830979301840575
0,0,0.04474522923146046
0,0,0.09648343560560602
0,0,0.018298643828410534
1,1,0.9620056645495301
1,1,0.9611006221583865
0,0,0.3275643391840855
1,1,0.9954275624061074
0,0,0.24297374248262193
1,1,0.9951109395949213
0,0,0.014227544374528361
0,0,0.05065580791140266
0,0,0.17092250442103563
0,1,0.6414172776262629
0,0,0.010915134018466758
0,0,0.011396883665024015
1,1,0.9981330435437331
1,1,0.6651026110669043
1,1,0.9864683915027186
0,0,0.01537095439995828
1,1,0.9892500909283267
0,0,0.06616817832190852
0,0,0.032062757136749886
0,1,0.7824213629723563
1,1,0.9391077005956183
0,0,0.00500926029663465
0,0,0.06508712078696936
1,1,0.9198381171649135
0,0,0.023161745651155207
1,1,0.9507421544323073
0,0,0.04326728716172232
1,1,0.7734123828071482
0,1,0.5084056049850408
0,0,0.13568199808406933
0,1,0.7001252649686264
1,1,0.7734123828071482
0,0,0.2647061787679118
1,1,0.8097709812140115
0,0,0.09354604168804338
0,0,0.4515195022873329
1,1,0.9059403369304508
1,1,0.9272312780038471
1,1,0.96555644961749
0,0,0.3952181831402059
1,1,0.9456002332204443
1,1,0.9465684382173456
0,0,0.23281700998780908
0,0,0.3500285938506644
0,0,0.015067696792812087
0,0,0.09031458286524703
1,1,0.966572076357247
0,0,0.053103488355225444
1,1,0.9811923471883498
0,0,0.01589234838828942
0,0,0.04573930842801425
0,1,0.9059337840046876
1,1,0.9622715236520768
1,1,0.9774100329160672
0,0,0.49472718271475086
1,1,0.9405252300434761
0,0,0.2011740633891291
0,0,0.07542940905950749
0,1,0.7454410046627291
0,0,0.037118791452701264
0,0,0.08277261308255558
1,1,0.9329819780092993
0,1,0.8579924396932931
1,1,0.9493434122811334
1,1,0.8452709208150365
0,0,0.034324692423614245
0,0,0.023260707496354394
0,0,0.12327196077491252
1,1,0.9687678838440653
0,0,0.02174595385850084
0,0,0.16582377632843126
1,1,0.879928792472536
0,0,0.03776034152050345
1,1,0.6806493125272352
1,1,0.8462134755824389
0,0,0.2674726939942456
1,1,0.759741394771444
0,0,0.3773073271361763
1,1,0.9876896003234493
0,0,0.09888848907392822
1,1,0.7234513638416045
0,0,0.033811171800077866
1,1,0.601313928529438
0,1,0.6157431099632682
1,1,0.9530506388757181
1,1,0.9367654385827712
1,1,0.5197878321705021
1,1,0.8534118897866051
1,0,0.1492245623535743
1,1,0.9922978925119034
1,1,0.9781165447904412
0,0,0.33405577931636693
1,1,0.9105766685867449
1,1,0.7970886822049275
1,1,0.9242071459950425
1,0,0.07956195428142478
0,0,0.22495325937856306
0,0,0.10355882124148774
0,1,0.9205701951316372
1,0,0.4386994881276345
1,1,0.8205348345563799
1,1,0.7556941634090892
0,0,0.2327047127792767
1,1,0.628454676223847
0,1,0.9764906046982958
1,0,0.47527867982330646
1,1,0.9033442680996359
0,0,0.44801068424550095
0,0,0.23095727492653584
0,1,0.938030247424224
1,1,0.9711148615912231
1,1,0.8932339179268675
1,1,0.998354267124426
1,1,0.995585001039671
1,1,0.9668403510001959
1,1,0.9152369921674214
1,1,0.9859784528786872
1,1,0.9686273592744987
1,1,0.8822538278328163
1,1,0.9086158795709286
1,1,0.988562113722089
1,1,0.9928113863211848
1,1,0.9869784462825836
1,1,0.9947628149530284
1,1,0.9945406021910033
1,1,0.8051746694562479
1,1,0.9727157685369086
0,1,0.9089374040016263
0,1,0.5234457524455933
0,1,0.7173027060233357
1,1,0.9973838198196701
1,1,0.962528623023759
1,1,0.9743729681942243
1,1,0.9609227462124229
0,1,0.9621757603769728
0,1,0.8918939672259983
1,1,0.9593942043543164
1,1,0.9752630005189419
0,1,0.8882435505218855
0,0,0.3213586265276708
1,1,0.9316396205449311
1,1,0.5474147642265661
1,1,0.9272746792032772
1,1,0.9521280542496503
1,0,0.3508722557371252
1,1,0.9502402798336662
1,1,0.9857545986822204
1,1,0.7179833377887975
1,1,0.9262116195911045
1,1,0.9714423215763659
1,1,0.9970972175954935
1,1,0.964956868203196
1,1,0.9614952753171795
0,0,0.13396383558787378
0,0,0.4667090611918602
0,0,0.23000596566598766
0,0,0.3998269981599603
1,1,0.9519777892890892
1,1,0.968060252003264
1,1,0.9431266678107468
0,0,0.05011961700945881
0,1,0.9835047060647679
1,1,0.9812114427262648
1,0,0.3455507586490057
1,1,0.8781752109253814
0,1,0.538287063465873
1,1,0.995895999252136
1,1,0.5217672126094837
0,0,0.36555668557300447
0,0,0.37861734659582047
1,1,0.9446247674572706
1,0,0.41241513005454233
1,1,0.6205072711611703
1,1,0.7332673237483789
1,1,0.9487662029972722
1,1,0.7024698191307024
1,1,0.9887262929662366
1,1,0.9796629302311191
0,0,0.11361552554562027
0,0,0.04736273268224057
0,0,0.1539024687047177
1,1,0.9969759492188914
1,1,0.9671379334186716
0,0,0.09701188449850212
0,0,0.46181952310390023
1,1,0.7602306514535708
1,1,0.9452299505020887
1,1,0.8346230928137753
1,0,0.4302770924186665
1,0,0.2161998770171614
1,1,0.8124556702009761
1,0,0.2943094896706845
1,1,0.9073054080553244
0,0,0.07276474396992948
1,0,0.25197559122857094
0,0,0.4020298289176477
0,0,0.016329980017162977
1,1,0.9855157288840686
1,1,0.7840975192595532
0,1,0.9652373638478493
0,0,0.2176090072208271
1,0,0.22358538340192627
1,1,0.6762413970793444
1,1,0.6762413970793444
1,1,0.9938221567195835
1,1,0.9419160342157563
0,0,0.1445344253555045
0,0,0.2748260434563027
1,1,0.9961032828560523
1,1,0.9949828425975256
0,0,0.11520937582413582
1,1,0.9935242781684935
1,1,0.8952027579900992
1,1,0.8756516979906772
1,1,0.9654963352145833
1,1,0.9295618929457938
1,1,0.8416681033987905
1,1,0.9792734266193811
1,1,0.8142557356446127
1,1,0.8805068722711753
1,1,0.9617018640007525
1,1,0.9024128170416394
1,1,0.9867022580402499
1,1,0.554745497779949
1,1,0.9590052166598513
1,1,0.8123627805341964
1,1,0.8123627805341964
1,1,0.8189367683913199
1,1,0.9114211778893879
0,1,0.7920874255505781
0,0,0.3182283056346041
0,0,0.10162108045452341
0,0,0.032119211220350684
0,1,0.7238029279561452
0,0,0.037091249170374894
0,0,0.12161001915771073
1,1,0.5032430601511786
0,0,0.07219335721098064
0,0,0.008020456921212853
0,0,0.4996078416735376
0,0,0.010132773229713543
0,0,0.030513761841939838
0,1,0.7110027573056896
0,0,0.05876896274441729
0,0,0.039220950568192914
0,0,0.08533548807940847
0,0,0.05249195163290456
0,0,0.430146139304811
0,0,0.3347070215360497
1,1,0.9893036251059306
1,1,0.996179939349877
1,1,0.8391112851049954
0,0,0.008161024119718545
1,0,0.21701222997044234
1,0,0.03759621008934807
1,1,0.9888349132439578
1,1,0.8769552678594659
1,1,0.953586340654045
1,1,0.9454121847256852
0,0,0.15911455516618875
1,1,0.9171579923614334
1,1,0.8937822918415752
1,1,0.9923042192509659
1,1,0.9742691483275232
1,1,0.7304081658956435
1,1,0.9916289545847349
1,1,0.8713690401635844
1,1,0.9353743161432083
1,1,0.9584714811247895
1,1,0.9633942331241311
1,1,0.9876433298505403
1,1,0.9782627013823202
1,1,0.8988760497175223
1,1,0.9556533444906636
1,1,0.5898889025597582
1,1,0.9171622559921367
0,0,0.32684604774584364
1,1,0.6851120479951766
1,1,0.8270921149902826
0,0,0.3065215314394627
0,0,0.31472758402414136
1,1,0.993159750766248
1,1,0.989646736420085
0,0,0.2982594676555624
1,1,0.6244446356909015
1,1,0.8540867644482654
1,1,0.9709779760314121
1,1,0.9956193066207453
1,0,0.41591479271194026
1,1,0.9864071364916702
1,1,0.983788523867758
0,0,0.0757608926622142
0,0,0.14368722725060212
1,1,0.996609563877387
1,1,0.9573645252657019
1,1,0.9606140004035045
0,0,0.11472432937643819
0,0,0.13075979477551708
0,0,0.23649791785928165
0,0,0.3975286702878498
1,1,0.9980389299434347
1,1,0.9590247805624725
0,0,0.028549270948380657
0,0,0.047954025951677345
1,1,0.9714663520000855
1,1,0.9824808542559899
1,1,0.9891738931782629
0,0,0.11856000046970783
0,0,0.01258293879189599
1,1,0.9032067026838715
1,1,0.9730163491000804
1,1,0.9669425219409065
1,1,0.9975695606493732
1,1,0.9879635713617783
1,1,0.9798564533824646
0,0,0.0369347640671576
0,0,0.10679751506341159
0,1,0.73122635297657
1,1,0.9905983319137008
1,1,0.8832505233989884
0,0,0.10018827431247755
0,0,0.06316739136606785
0,0,0.3804798938441212
0,0,0.09785527183875836
0,1,0.7600766423743239
0,0,0.3971463171690505
0,0,0.3655526309898656
0,1,0.8547845686322679
0,0,0.04209061794691883
1,1,0.9545768461356077
1,1,0.9827899207297812
0,1,0.7191447041789586
0,0,0.2577109064789147
0,0,0.16240703286434763
1,1,0.8777462707119674
0,0,0.10302248992240036
0,1,0.7650568057333305
0,0,0.016135515632837733
0,0,0.0629285218173486
0,0,0.22352851809134427
0,0,0.016135515632837733
0,0,0.196720040071032
0,0,0.06504708901229164
0,0,0.016135515632837733
0,0,0.14476337735790565
0,0,0.056788992245462654
1,0,0.2908105513756628
0,1,0.9519246028130012
1,0,0.03400409937218212
0,0,0.17872271327976622
0,0,0.1353034798130339
1,1,0.747325697090006
0,0,0.46305209315629997
0,0,0.0761603499502277
1,1,0.8342532707328165
0,0,0.19266294498925116
0,0,0.06935120873147459
0,0,0.017794460319091408
0,0,0.013415415448975065
0,0,0.018021645353685802
0,0,0.043366388547733475
0,0,0.03965612404664078
0,0,0.15710620144494394
0,0,0.05246832929678184
0,0,0.0346395906118767
0,0,0.02892105977221229
0,0,0.06613472261357271
0,0,0.034562401525555564
0,0,0.23417197628360287
0,0,0.14805953405474512
0,0,0.018130968684058738
0,0,0.016929054646673984
0,0,0.12543501888775208
1,1,0.9676558234432425
1,1,0.5686683167064405
1,1,0.9860088958345598
1,1,0.9131811356280632
1,1,0.9959903021128973
1,0,0.25494058812530795
1,1,0.8965137776207606
1,1,0.9371121569459062
1,1,0.917956218750869
1,1,0.7844556391980584
1,0,0.1695560401602446
1,1,0.7518752418028888
0,1,0.5105326125391909
0,0,0.1875281994308499
1,1,0.939680075750338
1,1,0.9244229944538286
1,1,0.9564907614558774
1,1,0.7505744700471592
1,1,0.9666784722227479
1,1,0.7801947475325954
1,1,0.9508089528730266
1,1,0.8056815665328981
1,1,0.7389136488313252
1,1,0.893683578831786
0,0,0.20828018576825177
1,1,0.8338523242003244
1,1,0.8493709048655612
0,0,0.008440922052527932
0,0,0.048933822739040095
1,1,0.7558303195821067
1,1,0.9637433741614845
0,0,0.10388056251307937
0,0,0.04507154584249212
0,1,0.6799002674367123
0,0,0.10876810815945707
1,1,0.9095630917850309
1,1,0.9770987762856297
1,1,0.9710008256099909
1,1,0.9291211369745538
1,1,0.9682650322683239
1,1,0.9860927636146869
0,0,0.05883667264643366
1,1,0.9033561101331374
1,1,0.9617068044227561
1,1,0.9952817527927162
1,1,0.9288310495154063
0,0,0.08420233108025993
1,1,0.8044457615139593
1,1,0.9422840691352831
1,1,0.9630131134756864
1,1,0.9873126148808195
1,1,0.9755860310041922
1,1,0.9986222551488539
1,1,0.980063377012696
1,1,0.9844351273389014
1,1,0.7297906768034041
1,1,0.9612916289682911
1,1,0.9699054710635597
1,1,0.9527994328230535
1,1,0.9840729451668871
1,1,0.9771156223201739
1,1,0.9939272484563084
1,1,0.9906573518174085
1,1,0.9674904427633415
1,1,0.9694023166100598
1,1,0.9368979639180647
1,1,0.985670265239027
1,1,0.8589165123725614
1,1,0.6763510349775378
1,1,0.9669193424526061
1,1,0.9262102300881644
1,1,0.966860659622996
1,0,0.05272576341656285
1,1,0.9351821055970791
1,1,0.9296555268254894
1,1,0.711572932697072
1,1,0.996888336995867
0,0,0.015810663835899026
0,0,0.12651587906086628
0,0,0.026616768153950598
0,1,0.6946530162879829
0,0,0.07545591957871292
0,0,0.3493079944246482
0,1,0.7534227243577188
1,1,0.8813801718560031
0,0,0.03323049296075377
1,1,0.999008165562569
1,1,0.8693240923807877
0,0,0.09735884383714402
1,1,0.9890006447573741
1,1,0.6932922262741696
1,0,0.47368611345167805
1,1,0.8377553105567296
0,0,0.2202446748601029
1,1,0.8794264562742916
0,0,0.023195444981948844
1,1,0.5613463665977246
0,0,0.016135515632837733
0,0,0.11481919831531136
1,1,0.9595056193441429
1,1,0.9828200755922245
0,0,0.0420853898163073
0,0,0.016135515632837733
0,0,0.21783920865760661
1,1,0.7915834471890821
0,0,0.05736768606423246
0,0,0.11444167841004896
0,0,0.05995061085447883
1,1,0.7856075122310279
1,1,0.7459410124982263
1,1,0.749175808701078
1,1,0.9426588387261635
1,1,0.5799908362413497
1,1,0.8186370884412684
1,0,0.41025229529650276
0,0,0.24027288954742596
1,1,0.699469048513941
1,1,0.6414010654828786
1,0,0.4559545365956846
1,0,0.026189932412786013
0,0,0.038887015157271956
1,1,0.8724340078660421
0,0,0.03439375268885018
0,0,0.11209207051813963
0,0,0.04422257546537484
1,1,0.8659665311585517
0,0,0.2874352496511274
0,0,0.028204532851908742
0,0,0.30614077372662857
1,1,0.962396176361521
1,0,0.39726229907439686
0,0,0.2521510843974873
0,0,0.03031753613883619
1,0,0.45529032530408936
1,1,0.6458983425421893
0,0,0.12493409528778109
1,1,0.9176821972766368
1,1,0.9493279903627806
1,1,0.9586338841877005
1,1,0.9078106260977137
1,1,0.9122620076160715
0,0,0.030064365371603844
0,0,0.05801367346382442
1,1,0.7550737625970664
0,0,0.10008922790266973
1,1,0.9947951519320326
1,1,0.9450054233510798
0,1,0.7848400131723609
1,1,0.8023519751403715
0,0,0.03340493857693376
0,0,0.028423775240308192
0,0,0.024710370777249763
1,1,0.7118085719525303
1,1,0.9465362649167202
1,0,0.01923914417351096
0,0,0.08381807614048414
1,1,0.8808964754016968
0,0,0.06748862356651897
0,0,0.009619725298252816
0,0,0.04755732128684357
0,0,0.008888064003933079
0,0,0.03605056535610369
0,0,0.04666758713117169
0,0,0.29769137763431747
0,0,0.08691631974648147
0,0,0.26298138710385294
1,1,0.7150161397235503
0,0,0.2102828510314584
1,1,0.9611541240914457
0,0,0.011003998838200815
1,1,0.5452987753345642
0,0,0.012234426647570672
0,0,0.06968857858191727
0,0,0.07854563754157654
0,0,0.016859457006836148
0,0,0.037084024193642394
0,0,0.007171206773519555
0,0,0.48417657148376836
1,1,0.9479352207602474
1,1,0.822917691660017
1,1,0.6200593065029637
1,1,0.9788069739454482
1,1,0.8028569996112525
1,1,0.8106729846261912
1,0,0.4762887362042368
1,1,0.5194145104302215
1,1,0.9537499648594697
1,1,0.926653416063043
1,1,0.9751751031622724
1,1,0.8704481509450239
1,1,0.7765840384787988
1,1,0.9192249860533628
1,1,0.9553809345949067
1,1,0.5196410538098489
1,1,0.6390944183940118
1,1,0.6777616999753757
1,1,0.8813010213157451
1,1,0.7523359155570913
1,1,0.8826667413610526
1,1,0.966997061722736
1,1,0.9768461069243908
1,1,0.9323010231888588
1,1,0.9779929338197592
1,1,0.9917663436509403
1,1,0.9925184776376506
1,1,0.9812912447905836
1,1,0.9290807374328467
1,1,0.952914431457953
0,0,0.03452494036183552
0,0,0.01061389531303217
1,1,0.8420660316265101
0,0,0.044796391764320286
0,0,0.47345765915763655
0,0,0.0049491451264144
0,0,0.004115955729816882
0,0,0.23165569858124174
1,1,0.9824509713449086
1,1,0.6860995121995768
0,0,0.08885148511224296
0,0,0.10962053014471947
1,1,0.7734280555872614
1,1,0.9536947783689405
1,1,0.9208281160098666
1,0,0.44457637221266494
0,0,0.07778775789104599
1,1,0.7894111273888428
1,1,0.9251940431925595
0,0,0.023885251918689603
0,1,0.982293293522732
1,1,0.7797668615864547
1,1,0.8714163851923477
1,1,0.8126154768557396
0,0,0.14065869408959863
0,0,0.0393918002503268
1,1,0.9010325219083412
1,1,0.8736786372166749
0,0,0.04614567630727902
1,1,0.6221768941641105
1,1,0.9780693339895747
1,1,0.9729275070276827
1,1,0.9147649299849031
1,1,0.9520803094492771
0,0,0.014307415157189581
1,1,0.9842128297739102
0,0,0.10639918591646044
1,0,0.39275233668526294
0,0,0.1417403621985448
1,1,0.9070042710147759
0,0,0.22533465887002882
1,1,0.6282308132437489
1,1,0.9866002307387343
1,1,0.9849645089478024
0,0,0.02086300402750053
1,1,0.529142948207779
1,1,0.8780934859535214
1,1,0.9288122339320118
0,0,0.02717634250203828
1,1,0.9744498340644799
0,0,0.02069575541961609
1,1,0.8853626895150186
1,0,0.48133157838921453
0,0,0.016431272977234988
1,1,0.9579599171230819
1,0,0.4899396248472547
1,1,0.8967521583664786
1,1,0.900058967961894
0,1,0.8017801510766628
1,1,0.936594092669045
0,0,0.02271773147688229
0,0,0.09154011554213351
0,0,0.023489864078554766
0,0,0.016546277285381345
1,1,0.9634596932615219
1,1,0.8795734476249032
1,1,0.953180850185472
1,1,0.9722685170925119
0,0,0.017350380638734484
0,0,0.032563189323113244
1,1,0.8748920472935106
1,1,0.9889907663213798
0,0,0.019118718349285906
1,1,0.9629146813765508
1,1,0.9747031958256867
0,0,0.02121699352033488
1,1,0.967930865017867
1,1,0.8784677892552181
1,1,0.749888842916942
1,1,0.9285554199775836
1,1,0.7419167018802175
0,0,0.009315361302590267
0,0,0.034727537974585346
0,0,0.21551913718256094
0,0,0.01919088617308369
0,0,0.08325380795106845
0,0,0.03926690275292111
1,1,0.9710876300541006
1,1,0.9972724039226819
1,1,0.9865897054991281
1,1,0.6745216597394289
1,1,0.9748540939149826
1,1,0.8751247836093446
1,1,0.8485476315107446
0,0,0.01959458651698261
1,1,0.8580655194356049
1,1,0.862006142966839
0,0,0.057945335593694226
1,1,0.9482215956342807
0,0,0.011652871425082319
1,1,0.9681884184587041
1,1,0.5384841528446407
1,0,0.29222082640174357
1,1,0.9642144618952696
1,0,0.4947508757923551
1,1,0.9117824926875376
1,1,0.7768409023983804
1,0,0.37392473693703776
0,0,0.4971131367090646
0,0,0.241646459727677
1,0,0.2086713365574854
0,0,0.03876727357246076
0,0,0.28356839876037604
0,0,0.1836157806790514
0,1,0.7308265018187399
1,1,0.8717217432121889
1,1,0.9909954901659982
1,1,0.9873484502670234
0,0,0.06317792386741321
0,0,0.018182011255953943
1,1,0.8846694092498215
1,1,0.8485841210917159
1,1,0.5923018267122925
1,0,0.27172013082593155
1,0,0.4936671679038969
0,0,0.020586647296192973
1,1,0.5232237940016694
0,1,0.5155327952573774
0,0,0.09083490900185007
1,1,0.8731792496933584
1,1,0.9851481879486319
1,1,0.9588863347986373
1,1,0.7658336914059105
0,0,0.09028763718578088
0,0,0.08701442316394004
0,0,0.19193549697753956
1,1,0.9524231940360232
0,0,0.03284673791713486
1,1,0.9630446000300591
1,1,0.9272072496388507
0,0,0.013270330316129534
1,1,0.9874683325565756
1,1,0.9877950102275413
1,1,0.9970628826209627
1,1,0.8662053997196542
1,1,0.9976510522346995
0,0,0.00448592366988935
1,0,0.3237544873426983
1,1,0.9800027289300774
0,0,0.33117370397364654
0,0,0.02251228776913183
0,0,0.02251228776913183
0,0,0.012848776978164349
0,0,0.056283381230065
1,1,0.9959293378092631
0,1,0.9666405807665501
0,0,0.1894716674536273
1,1,0.7919532607295374
0,0,0.37416735724078226
1,1,0.9573262188175992
1,0,0.20872500834058583
1,1,0.9615084348340153
0,0,0.02251228776913183
0,0,0.04216064744348211
1,1,0.9814811722604841
0,0,0.04045090680641175
0,0,0.049012405720779466
0,0,0.16719817847234897
0,0,0.22382222632056828
0,1,0.7107075416161622
0,0,0.40301664157308936
0,0,0.21335927971488652
0,0,0.09083490900185007
0,1,0.9199107100297619
1,1,0.978637516710575
0,0,0.017449561363661305
1,1,0.7882161359658697
0,0,0.012875570037900672
0,0,0.07537604821343476
1,1,0.9254078647908173
1,1,0.8858128706066482
1,1,0.8618812662970944
1,1,0.9948896704366866
0,0,0.01803500344776068
0,0,0.016903627922299862
1,1,0.9956624796327717
1,1,0.9881965261328671
1,1,0.9964080339948375
1,1,0.9805239768903107
1,1,0.971115894889656
1,1,0.9728849399303391
1,1,0.9510758155210627
1,1,0.954304486883027
1,1,0.9751756772438372
1,1,0.9862047916070882
1,1,0.8852415136933478
1,1,0.9187299356946743
1,1,0.9967433673477468
1,1,0.9853967103396966
1,1,0.8972236164013455
1,1,0.8873842514362814
1,1,0.9957839625635245
0,0,0.004863731679211687
0,0,0.00501427445294723
1,1,0.9910110004492934
1,1,0.993010359810726
1,1,0.997578620078111
1,1,0.9906505563085617
1,1,0.871614318919875
1,1,0.9302323165619742
1,1,0.9485036120795981
1,0,0.22168757508560474
1,0,0.183262411227563
1,0,0.4740499289879919
0,0,0.17424263101927512
1,1,0.7888536576426971
1,1,0.9064751538817452
0,1,0.7851962341398468
0,0,0.03228437837930722
1,1,0.9766824246605931
1,1,0.8811538535134107
1,1,0.9510534330619101
1,1,0.9833064850609787
1,1,0.7891091738614513
0,0,0.026034126540407845
0,0,0.021848379414204654
0,0,0.021257808772638363
1,1,0.9776154341817405
0,0,0.03519437428316783
0,0,0.016995992548999115
1,1,0.8635374515186899
1,1,0.5439212828879388
1,1,0.9456241576971507
0,0,0.019531348829262253
1,1,0.9350537649102132
1,1,0.9853226860149782
0,0,0.19706929780168955
0,0,0.018133952052524414
1,1,0.9558317785829274
1,1,0.911935434501569
0,0,0.015383695743810682
1,1,0.9765107360039962
1,1,0.9217398289613745
1,1,0.9921267118796376
0,0,0.04033578559794312
1,1,0.7949306614865687
1,1,0.9867021536635973
0,0,0.07337045109013715
1,0,0.4451424238730776
0,0,0.12648823296413095
1,1,0.9837219501110461
1,1,0.9963758468880917
1,1,0.9083930456225817
0,0,0.03984656121901154
1,1,0.9851883376930923
1,1,0.9336926969062727
1,1,0.6185825762412928
1,1,0.9334463786712448
0,0,0.07319023218859365
0,0,0.027291666658212185
0,0,0.09696651926087145
1,1,0.9605406421851328
1,1,0.9940058278407262
1,1,0.9954997518262727
1,1,0.9897681915873525
1,1,0.9419765316457646
1,1,0.9487841382817512
0,0,0.06692947582131033
0,0,0.06811073263047254
1,1,0.9368299648669914
1,1,0.6317786293520142
1,1,0.9581447509654283
1,1,0.7841192666284792
1,1,0.8832440297765812
1,1,0.9815063746564462
1,1,0.5746367898053547
1,0,0.4484786799097332
1,1,0.9905840157211246
1,1,0.9944497726545716
1,1,0.9881019345916178
1,1,0.9778114041675916
1,1,0.9931153905745731
1,1,0.936327472377276
1,1,0.8973403944102225
1,1,0.9938294506895932
1,1,0.9252563071602289
1,1,0.9955279083395602
1,1,0.9378344583584239
1,1,0.9990391114327037
1,1,0.8389207406676416
1,1,0.9876360641304385
1,1,0.9920047995040809
1,1,0.9948483616901769
1,1,0.9980027801940693
1,0,0.3546459972838638
1,1,0.8949526164777482
1,1,0.9782091593593992
1,1,0.8301702601678318
0,1,0.5156076738629392
0,0,0.21585070216811447
1,1,0.9517745084026175
1,1,0.8893314785862482
1,1,0.9577613735335166
1,1,0.9645704664584599
1,1,0.9338487946558154
1,1,0.9666735834183027
1,1,0.851468569922658
1,1,0.9658084820788694
1,1,0.9658084820788694
1,1,0.9852076398963525
0,0,0.02287712431630288
1,1,0.8672470063010583
1,1,0.9164624835838585
1,1,0.9349929135670264
1,1,0.9659651880029851
1,1,0.9075342314981765
1,1,0.9200216563521589
1,1,0.9114770215521367
1,1,0.9483460648417229
1,1,0.8711629127825383
1,1,0.97749577468669
0,1,0.5306548570667374
0,0,0.289443440158432
0,1,0.9697953558785983
0,1,0.5003986716651728
0,0,0.009234205899947336
1,1,0.9658084820788694
1,1,0.9658084820788694
1,1,0.6527581733113296
0,0,0.05460467609158328
1,1,0.8137000224180866
1,1,0.9442575704338421
0,0,0.12650210615476842
0,1,0.6838756125907324
0,0,0.42256962128934744
0,0,0.18887772871624742
1,1,0.839240254511092
1,1,0.8668351201433351
0,0,0.008953602282843939
0,0,0.05611393816592979
1,1,0.9772140994058984
0,0,0.1257979181250903
0,0,0.053182384761287844
0,0,0.2618673115550196
0,0,0.008953602282843939
0,1,0.8339905668421046
0,1,0.6609219480432424
0,0,0.41834387255668776
0,1,0.8305874669670161
0,1,0.686164581112889
0,1,0.8696602509219128
0,0,0.015121781576599332
0,0,0.21265306917563503
1,0,0.029287031279412
1,1,0.7751231077442422
0,0,0.0232539951227786
0,0,0.24502882819992716
0,0,0.03416019007148932
0,0,0.19647244712980014
0,0,0.035663475267567885
0,0,0.013204655318048871
0,0,0.0289111450193183
0,0,0.020682595588813187
0,0,0.47882272247773333
0,0,0.06614347582493825
1,0,0.10484695851576424
1,1,0.9211537161194356
0,0,0.026521970665018237
0,0,0.05387740925344583
1,0,0.1629073614108058
0,0,0.056066042928148443
0,0,0.015530059277278215
1,0,0.36041920009804224
1,1,0.9105102049126761
1,1,0.6613114701919197
1,1,0.9977678224087022
1,1,0.8516864266436932
1,1,0.9468443669094565
1,1,0.988119741312917
1,1,0.9844899592636521
1,1,0.7843219684910987
0,0,0.05212109847233618
1,1,0.9959642441186459
0,0,0.38120002212331555
1,1,0.9947775459903605
1,1,0.9950761224043672
1,1,0.6300617503523833
1,1,0.9962568905148214
1,1,0.9602315385757992
0,0,0.48944792178090274
1,1,0.7702395996840731
1,1,0.9896090064429621
1,1,0.9804189639785968
1,1,0.9886117771473074
1,1,0.9886117771473074
1,1,0.9949670114846428
1,1,0.9206208837707421
1,1,0.9910411738574806
1,1,0.9928599605301368
1,1,0.8880650907518591
1,1,0.9093912193046781
1,1,0.994123332210717
1,1,0.9927447434473137
1,1,0.9812103124795154
1,1,0.9925651280690552
1,1,0.9949670114846428
1,1,0.9902816981164665
1,1,0.9952749053975143
1,1,0.9968821934811148
1,1,0.899680216470126
1,1,0.9946315863794679
1,1,0.8898534324517315
1,1,0.9909758033777301
0,0,0.023631515830760865
1,1,0.9934778201901042
1,1,0.9885002004150617
1,1,0.9963286148629551
0,0,0.15848130199999771
1,1,0.9967933435943414
1,1,0.9936184047515256
1,1,0.9767576063379299
1,1,0.990775327603651
1,1,0.9914130566494929
1,1,0.9859338420536321
1,1,0.9942932334031751
0,0,0.10630104019092042
1,1,0.9978740490119766
0,0,0.1679081629342162
1,1,0.9904872392494816
0,0,0.03295534991384711
0,0,0.026194922634112907
0,0,0.018652610330337462
1,1,0.9875365407006724
1,1,0.9948778426812764
0,0,0.06719814101546526
0,0,0.14805953405474512
1,1,0.9806000112154232
0,0,0.01594120470022734
1,1,0.8566353460830926
1,1,0.6017293939944344
1,1,0.8357724384191315
1,1,0.9779291247420732
0,0,0.03129144659553546
0,0,0.04437349263881861
0,0,0.027040624914816125
1,1,0.9807300343850919
1,1,0.8179812581137551
1,1,0.9719312761193445
0,0,0.17632473545477292
0,0,0.046242201948152456
0,0,0.17632473545477292
0,0,0.1967431972923804
1,1,0.7821594316782814
1,1,0.9966959089222361
1,1,0.9872357434664703
1,1,0.9816581278111656
1,1,0.9867882426961229
1,1,0.9922516617610838
0,0,0.18432302498680567
0,0,0.20791051946115252
0,0,0.19185656130244738
1,1,0.9812484379922624
1,1,0.9905489247136336
0,0,0.47239617161186914
0,1,0.7641428490582163
0,0,0.03087177470483607
0,0,0.22831488224365215
0,0,0.14832436646250738
1,1,0.8745118377158867
0,1,0.908521254689487
1,1,0.8942911278472356
0,1,0.6932536995628678
1,1,0.8039087407305233
0,0,0.04847422050475958
0,0,0.46379909447067214
1,1,0.9118111828705301
1,1,0.9762046098800684
1,1,0.9762046098800684
0,0,0.4980948256165645
0,1,0.5124732753896694
0,1,0.6805709817620099
0,0,0.031543554420030116
0,0,0.05047476565561588
0,0,0.026319952395038898
0,0,0.025553631409906297
1,1,0.8965479628789556
1,1,0.9617269878800488
1,1,0.9217813807124456
1,1,0.9837266982521345
1,1,0.9540721985991656
1,1,0.9459809851963377
1,1,0.9607872962367672
1,1,0.9908130909495627
1,1,0.9970432846919389
1,1,0.9889611398416953
1,1,0.9972218491718178
1,1,0.9867729585780216
1,1,0.9826175756179085
1,1,0.9932688199013525
1,1,0.9899145074454091
1,1,0.9920423001134202
1,1,0.9814499063452772
1,1,0.9500765014588546
1,1,0.9920423001134202
1,1,0.9199459759422787
1,1,0.9607872962367672
0,0,0.2658181311467061
0,0,0.023631515830760865
0,1,0.9073054080553244
0,0,0.06995498292512363
0,0,0.04582709048931209
0,0,0.041091899363291176
0,0,0.020720045107273433
0,0,0.12024019485789915
1,0,0.3321184646688971
0,0,0.16086571419184603
1,1,0.7731006978417162
0,1,0.7141518007379446
0,0,0.014508279687822409
0,0,0.10813019046546192
0,0,0.14570067968737438
0,0,0.15238232961513992
0,0,0.06385590625093743
0,0,0.4791256114250679
0,0,0.11539794060096031
1,1,0.5772234175259041
0,0,0.045666119647003546
1,0,0.48593261583740643
1,1,0.5772234175259041
1,1,0.5772234175259041
1,0,0.36657286534331557
1,1,0.9373493054195509
1,1,0.8850833993625498
1,1,0.5885238529087823
1,1,0.964428623076953
1,1,0.9927118217069402
1,1,0.7875356378162733
1,1,0.9816557019159234
1,1,0.9625329766447341
1,0,0.2805048614111531
0,0,0.06293445100151344
1,1,0.9867017657483973
1,1,0.9809368887909029
1,1,0.9899911560719782
1,1,0.7225962837469255
1,1,0.8102814765208954
1,1,0.5740680784271672
1,0,0.09414360663084789
0,0,0.0812329351995777
1,1,0.9974327674196831
1,1,0.9980991564618064
1,1,0.9972471977874025
0,0,0.14207685372590503
0,0,0.016799949860371092
0,0,0.16196315464252659
0,0,0.08455922802839168
0,0,0.12257733768418395
0,0,0.04054763920768289
0,0,0.012451641195726879
0,0,0.0205504123305112
0,0,0.030009450420649984
0,0,0.016543355568114405
0,0,0.05544994442709715
0,0,0.25326450132665324
1,1,0.9370223006599195
1,1,0.5542453326840959
0,0,0.3154686251784058
0,0,0.03697792154760932
1,1,0.984689408375815
1,1,0.9146833878296649
1,1,0.966870483979639
1,1,0.9945427789754306
0,0,0.11786019719945036
0,0,0.04892726240884342
0,0,0.037578598001822706
0,0,0.016585823298619143
0,0,0.13853852946473963
0,0,0.13088742870872552
1,1,0.5378287335538521
1,1,0.6031144381340111
0,0,0.20452676888322696
1,1,0.946612592712303
1,1,0.8154368146438408
0,0,0.17532883855341164
1,1,0.9822921673714083
0,1,0.922759884212293
0,0,0.22483175840190342
0,0,0.12658751616634728
0,0,0.043664466652711696
0,1,0.5990890358510582
0,1,0.9386914655804749
0,0,0.060414730150357435
0,0,0.3620786946438976
0,0,0.03471830885276262
1,1,0.9012658478831946
1,1,0.9316465433660551
0,0,0.017940763757186045
1,1,0.9309628362210587
0,0,0.024650601305585898
0,0,0.01284474688510814
0,0,0.014022635955105552
0,0,0.23728939466616283
0,0,0.05310739559833027
0,0,0.03452064412349856
0,0,0.03368263255029801
0,1,0.7625399822043207
1,1,0.9562117739526691
1,1,0.981310374094535
0,0,0.05325494139810559
1,1,0.9552395551175084
1,1,0.9826175756179085
0,0,0.14033605851510728
0,0,0.20804055404790753
0,0,0.05323736288687735
0,0,0.04066268965461273
0,0,0.03597443793764453
0,0,0.02937228494476964
0,0,0.04068873112946779
0,0,0.3400851003256369
1,1,0.9511482481642927
1,1,0.9915033953816137
0,0,0.06056197102771554
1,1,0.9542087454235636
1,1,0.9908534135780166
0,0,0.19159607648603208
0,1,0.7072154214498552
1,1,0.9435767748788142
0,0,0.034279174191008545
1,1,0.9946889219527261
0,0,0.29337909238877713
1,1,0.8203464418461681
1,1,0.8951340172027132
0,0,0.17103958457781446
1,1,0.9692503159031414
1,1,0.7849119289280329
1,1,0.9235692180291939
1,1,0.6766937618756185
1,1,0.6799858201438165
1,1,0.9111238476946127
1,1,0.9947571344278168
1,1,0.7866422822837849
1,1,0.9550992730322464
1,1,0.8858510842804087
1,1,0.9849347776630276
0,0,0.11281578217139945
1,1,0.9954035611058146
1,1,0.9593661131592162
1,1,0.971928505014589
1,1,0.8793694759024315
1,1,0.9928214542806194
1,1,0.9755951370895133
0,1,0.8013943700209177
1,1,0.990284952640799
0,0,0.2519079743509076
1,1,0.9938153529168594
1,1,0.9952227574838722
0,0,0.06364089755796722
0,0,0.0754625197609498
1,1,0.9820189849860836
0,0,0.03744247975405263
1,1,0.9730186063809041
0,0,0.463172138327864
0,0,0.2309225451098759
0,1,0.672905049146399
0,0,0.07522755282412077
0,1,0.6257237202655006
0,1,0.5410176728115145
0,0,0.49690453558682
0,0,0.04381235548427284
0,0,0.05429705095846029
0,0,0.09863618952068147
0,0,0.3669387032017807
0,0,0.1628125295690264
0,1,0.6473246506207
0,0,0.036342296068951674
0,0,0.08468711611619249
0,0,0.0821714452997016
0,0,0.18481141995335656
0,0,0.33635290803164086
0,0,0.15114107802902826
0,0,0.03139774364266643
0,0,0.038736378662228704
0,0,0.05877122708906383
0,0,0.14521523329176844
0,0,0.1754592444285483
0,0,0.030745090285275837
0,0,0.07576015069833388
0,0,0.16642525518410375
0,0,0.16732661451269998
1,0,0.35393394770603465
0,0,0.04062576686271752
0,0,0.3763051676160599
0,0,0.040397607646120125
0,1,0.9421876390449456
0,0,0.05093079473054469
0,0,0.0060466762244126985
1,0,0.259805816044828
1,1,0.6205564575258349
0,1,0.6217169236777085
0,0,0.10172024696946746
0,0,0.03013303292414919
0,0,0.017480727269797647
0,0,0.013091116189609751
0,0,0.04721917124169666
0,1,0.8813445428664022
0,0,0.24347152458442423
0,0,0.00920305969636745
0,0,0.1257001702422987
0,0,0.3282939321693797
0,0,0.20027199464236015
0,0,0.03853104582253321
0,0,0.042166895409417426
1,1,0.9786165373717005
1,1,0.988216144725235
1,1,0.9872966158623251
0,1,0.5051532471756809
1,1,0.8166490430317093
1,1,0.985733808594559
1,1,0.6222335694831399
1,1,0.9971490950670137
1,1,0.9287198609578524
0,0,0.05617433580070885
1,1,0.9616260997679942
1,1,0.9883799622799646
1,1,0.9962683078609977
1,1,0.9913852989872671
1,1,0.993952699114054
1,1,0.9947183905288158
1,1,0.9881187929068526
1,1,0.7766397202440074
1,1,0.8773994568822924
1,1,0.9523072933663982
1,0,0.1918060492356722
1,1,0.8938903523045661
1,0,0.4623897672166744
1,1,0.9891663881530067
1,1,0.9985783812014359
1,1,0.9966238800499724
0,1,0.5856932065720768
0,0,0.11093620657721706
0,0,0.4346002914103787
0,1,0.5465285588842429
0,0,0.14437321689522037
1,1,0.6434451962177152
1,1,0.9919359623479355
0,1,0.9581665814013042
0,0,0.08114869504169976
1,1,0.8681562461270239
1,0,0.4234058240323221
1,1,0.9834696799969762
0,0,0.03962887453165505
0,0,0.0370796273059268
0,0,0.03962887453165505
0,0,0.10409276664914
0,0,0.015030258171677463
0,0,0.22870787082727748
0,0,0.02324986325824682
0,0,0.2003260214114891
0,0,0.09922854555741402
0,1,0.511124377716996
0,1,0.5740335040691141
1,0,0.01611696416917504
0,0,0.015530059277278215
1,0,0.06481534773265298
1,1,0.9250493399037832
0,0,0.11161396479694179
1,1,0.9614463343262866
1,1,0.8122347345504177
1,1,0.9716624143077758
0,0,0.4011113648285505
0,0,0.019850995915853906
0,0,0.02854548813389994
1,1,0.9634500889975698
1,1,0.9805864821727099
0,0,0.06221991339057382
0,0,0.03263939880703991
0,0,0.04016262569127746
0,1,0.5877853414078681
0,0,0.053362759012370184
0,0,0.04577759312849423
1,1,0.9124002984805111
0,0,0.029876679938148798
1,1,0.9655636296020775
1,1,0.9651305208561451
0,0,0.04086665726398773
0,0,0.13299129257112025
0,0,0.023631515830760865
0,0,0.14336025939248478
0,0,0.11180688593570742
0,0,0.08579665266582949
0,0,0.2745060127754201
1,1,0.8820105722446538
1,1,0.9792218779197872
1,1,0.7927018735659677
0,1,0.7211129253309325
0,1,0.8691341904181898
1,1,0.9918353478638746
0,1,0.8545106877712876
1,1,0.9801783289681535
0,0,0.20348152151800808
1,1,0.9934592623741557
1,1,0.9557156551232063
1,1,0.9435708647825044
1,1,0.98395652390822
1,1,0.9906424506629065
0,0,0.017014231809726128
0,0,0.017014231809726128
1,1,0.8033663026133976
1,1,0.9801053547298922
1,1,0.9959293836432624
1,1,0.9037741613573635
1,1,0.9931948471398128
1,1,0.9711519554475128
1,0,0.39372040952592674
1,1,0.8304739784482802
1,1,0.975073654752168
1,1,0.975705931135662
1,1,0.9649483367577013
0,0,0.034279174191008545
0,0,0.0022529987528253385
0,0,0.08059643001798689
1,1,0.9883439304762726
1,1,0.9742415108324102
0,0,0.12408946487867197
0,0,0.026368091645712865
0,0,0.002539785617122095
0,0,0.0022529987528253385
0,0,0.22239747570718177
1,1,0.9816374270976684
0,0,0.0021728420938298787
0,0,0.3321184646688971
0,0,0.002821308976676334
0,0,0.025657673228761214
0,0,0.003705123593129432
1,1,0.9310200207336885
1,1,0.9850536446755114
1,1,0.9797377997369316
0,0,0.0029187657245764204
0,0,0.004635092057018945
0,0,0.0021728420938298787
1,1,0.9601089018884954
0,0,0.002362184974648824
0,0,0.002094083057684591
0,1,0.5034305555796404
0,1,0.5660535955095748
1,1,0.8924983195709083
1,1,0.869399226915407
1,1,0.9684845915819513
1,1,0.943166485343753
0,0,0.0074617981775603704
0,0,0.0021728420938298787
0,0,0.07308673781268865
0,0,0.13312524274862272
0,0,0.06371133557392583
1,1,0.9815176981512312
0,0,0.31447108201086615
0,1,0.8389576257054486
0,0,0.02251228776913183
0,0,0.0999326185407303
0,0,0.07708737280735008
0,1,0.7855982004786699
0,0,0.20289481185982494
1,1,0.9796364730465179
1,1,0.799613388154928
0,0,0.0029962823818357512
0,0,0.002748830516172594
0,0,0.17476618762496593
0,0,0.02251228776913183
1,1,0.852712662752393
1,1,0.9318550458013753
1,0,0.35136866845477993
1,1,0.7545101474819068
0,0,0.021160887199062523
0,0,0.0021364956624112044
0,0,0.0022529987528253385
0,0,0.008556771612912998
0,0,0.03174321785316504
0,0,0.0022529987528253385
0,0,0.03584087812877361
0,0,0.1463171479293129
1,1,0.9920061434149449
1,1,0.9945865762886709
1,1,0.9961097542478309
1,1,0.983948399922966
1,0,0.2636202384203522
1,1,0.6775373867997561
1,1,0.8881860212952979
1,1,0.7446886526313637
1,1,0.9496263422120407
1,1,0.7955355545454893
1,1,0.6263969559752688
0,0,0.0993349527326482
1,1,0.797059894660208
0,0,0.10388056251307937
0,0,0.012126907007678489
0,0,0.002539785617122095
0,0,0.002748830516172594
0,0,0.002539785617122095
0,0,0.030014468859079546
0,1,0.603920001594027
0,0,0.002748830516172594
0,0,0.05949040020301457
1,1,0.9617889669284211
1,0,0.20179523670549504
0,0,0.3318825993489031
1,1,0.9638386546309506
1,1,0.9617889669284211
0,0,0.18031286340454794
1,1,0.9827836735543664
0,0,0.3759256823708916
1,1,0.9459875228470968
1,1,0.8082267182171669
1,1,0.9205101973644801
1,1,0.950343007897069
0,0,0.11038128418821135
0,0,0.4847911472866639
1,1,0.8704420344558427
1,1,0.9589981639936348
1,1,0.9909557748799036
1,1,0.8716969043262455
1,1,0.9648031713509043
1,1,0.9648031713509043
1,1,0.9674919867335083
1,1,0.9888025658861884
1,1,0.9837775908797807
1,1,0.9054911967767834
1,1,0.9711946386982828
1,0,0.32368716116927343
1,1,0.8743496994317187
1,1,0.9945415256653785
1,1,0.9797733033182886
1,1,0.684924677249355
1,1,0.988474858646808
1,1,0.9770620980576036
1,1,0.601783725739689
1,1,0.9707552322713863
1,1,0.994897127716148
1,1,0.5668557532849209
1,1,0.9872431642574316
1,1,0.9859889321471488
1,1,0.9131927035922874
1,1,0.9507980454552601
1,1,0.8040458841573062
1,1,0.9830199195958482
1,1,0.9119423164565396
1,1,0.9754318415931811
1,1,0.784684045600608
1,1,0.9842461744189571
1,1,0.9808085648375758
1,1,0.7876139360351485
1,1,0.9619546688213226
1,1,0.9535563365885616
1,1,0.993395453760886
1,1,0.9980085932246964
1,1,0.6577410545204679
1,1,0.9358450577741543
1,1,0.9540969937140373
1,1,0.9886640955966449
1,1,0.9866656460466902
1,1,0.5479924476342545
1,1,0.9598293490634118
1,1,0.9451314839998453
1,1,0.9790714397979521
1,1,0.9170773553446827
1,1,0.7161991141636643
1,1,0.9389485620698154
1,1,0.9768565569664244
1,1,0.6807405373579566
1,1,0.8847763408587997
1,1,0.8249278648517614
1,1,0.8443162818339073
1,1,0.9046012197463149
0,1,0.6606243745167991
1,1,0.952526427018766
1,1,0.9772589157607479
1,1,0.7963292369526629
1,1,0.6697731165190333
1,1,0.9398397512704928
1,1,0.939146156713182
0,0,0.08962045517060276
1,1,0.9456543364209338
1,1,0.9622776326761666
1,0,0.2540877910664351
1,1,0.976469579856355
0,0,0.1630370358512423
1,1,0.7170539522084324
1,1,0.9103760209541417
1,1,0.932205652770389
1,1,0.9460956216652179
1,1,0.9941945479819978
0,0,0.06060694972863829
0,0,0.0864982588092658
0,0,0.05585205574994941
1,1,0.9941945479819978
1,1,0.9948655109803387
0,0,0.04684986028635497
0,0,0.28314217325673496
0,0,0.28199221917342726
0,0,0.28314217325673496
0,0,0.0577996976207414
0,0,0.3075228590628281
1,1,0.9289066807940781
1,1,0.9927547862382917
0,0,0.012477168180441145
1,1,0.9607208233048373
0,0,0.48525639123381653
0,0,0.056495756341793074
1,1,0.8771461987044719
1,1,0.9815431551133551
1,1,0.9549403531107663
0,0,0.3284695881697635
0,1,0.5947046202975694
1,1,0.9552381817771882
1,1,0.9648863091560883
1,1,0.9561618671483522
0,0,0.03027127275737781
1,1,0.9684292652897201
1,1,0.9697872211440428
1,1,0.977218178318755
1,1,0.9340011300408262
0,0,0.10352049709854932
1,1,0.939146156713182
0,0,0.042795003454433475
0,0,0.03725338140944668
1,1,0.9287324833904004
1,1,0.9435016543417456
1,1,0.9700690848901757
0,0,0.1372244378900381
0,0,0.09018469858264333
0,0,0.041864162673296575
1,1,0.9501537258082438
0,0,0.0918532695344088
0,0,0.08931062142161744
1,1,0.974854834470057
0,0,0.08605645560346915
1,1,0.9700690848901757
1,1,0.866533858594293
1,1,0.9700690848901757
1,1,0.93896186920107
0,0,0.12091115244703611
0,0,0.010148599581563205
0,0,0.4176879984114642
1,1,0.9165367539928329
0,0,0.1738953986055587
0,0,0.049455074718834584
1,1,0.990443483867353
0,0,0.20324963694694934
1,0,0.12862446308115041
0,0,0.12368217923115757
1,1,0.9917845238849003
1,1,0.9908956017013896
1,1,0.9915055798377654
1,1,0.9761428265125147
1,1,0.9893086395684932
1,1,0.9849612949306378
1,1,0.9779539301685588
1,1,0.9505432658446722
1,1,0.9952904979070528
1,1,0.9934622391989664
1,1,0.9907258438286924
1,1,0.994614837614189
1,1,0.9905194435827832
1,1,0.9823388447546014
1,0,0.3100752454336691
1,1,0.9245111964434576
1,1,0.9962568905148214
1,1,0.9814420324594504
0,0,0.019653196762452637
1,1,0.9949670114846428
0,0,0.029240570714605296
0,0,0.011333913388694968
1,1,0.8416681033987905
1,1,0.9908130909495627
0,0,0.009059902171760165
1,1,0.9746041851573938
0,0,0.009059902171760165
1,1,0.9558529451245908
1,1,0.9876463036033977
1,0,0.34987519703869085
1,1,0.7046568983382622
0,0,0.02039171037526881
1,0,0.3865081595301
1,1,0.5160647689552734
0,0,0.009384040275787181
0,0,0.009059902171760165
1,1,0.9746041851573938
0,0,0.06221991339057382
1,1,0.654495131145867
0,0,0.007703734786968568
1,1,0.8190387441439405
1,1,0.840624722710014
1,1,0.6026271186524776
1,0,0.07141127387429141
1,1,0.6972149873539669
1,1,0.8371237677859481
1,1,0.9940017946542619
1,1,0.9950449653352833
0,0,0.342789479054504
0,1,0.6491756320330947
1,1,0.9535074503780795
1,1,0.9450318427397151
1,1,0.9462171400716424
1,1,0.8761777493426962
1,1,0.9906813110888844
1,1,0.99005331916139
1,1,0.9763128152827112
1,1,0.8846529586629384
1,1,0.99101693132228
1,1,0.9762046098800684
1,1,0.8203670979119964
0,1,0.6585004107954239
1,1,0.9879400113054138
1,1,0.99101693132228
1,1,0.9839358852775352
1,1,0.9923998593801097
1,1,0.9743840533303255
1,1,0.8190387441439405
1,1,0.525635115299511
1,1,0.8184827003171564
1,1,0.8101292108586768
0,0,0.30514259324438325
1,1,0.8679754188433165
1,1,0.5458863495424623
1,1,0.8836179658080204
1,1,0.8960531070701353
1,1,0.9660523754023993
1,0,0.47604350899406384
1,1,0.8151427677339526
1,1,0.9945516458608382
1,1,0.9916747903354304
0,0,0.285802726718152
1,1,0.9574488578012819
0,0,0.014500340637716987
1,1,0.9941175076025021
0,0,0.019098425788867376
1,1,0.9917845238849003
1,1,0.916680495256282
0,0,0.07136747969369855
1,1,0.9943135192451388
1,1,0.993296246035074
0,0,0.01996687234213847
1,1,0.9943959510585508
1,1,0.7892589509165001
1,0,0.4017744519354519
1,1,0.9934918432876713
1,1,0.9855144668733906
1,0,0.42546675325355615
1,1,0.9694935355707996
0,0,0.11243534518959107
1,1,0.5756586624678559
1,1,0.9722383355615972
0,0,0.32418882202303895
0,1,0.7081413229411283
0,1,0.844635763179072
0,0,0.18913120565928948
0,1,0.9440904902178567
1,1,0.9910136692956472
1,1,0.9734977767046001
1,1,0.6703595226315111
0,0,0.18913120565928948
1,1,0.9954077260890828
1,1,0.9073054080553244
1,1,0.9923998593801097
0,0,0.1646353468505313
1,1,0.893560766609049
1,1,0.9893371795880516
1,1,0.9917845238849003
0,0,0.1381457949674584
1,1,0.9459754177302933
0,0,0.1381457949674584
1,1,0.802115321249016
1,1,0.9948778426812764
1,1,0.932541255717965
1,1,0.9718152564332786
1,1,0.9746603625419279
1,1,0.9938606844450188
0,0,0.3571861329055635
1,1,0.9948778426812764
0,1,0.7657628565108664
0,1,0.790347211376558
1,1,0.992837109046858
1,1,0.993371680158006
0,1,0.6658650316439706
0,0,0.24880186758674175
1,1,0.8134896375963101
1,1,0.928685237602788
1,1,0.9923517336790231
1,1,0.9795750963696562
1,1,0.9571057974104781
1,1,0.9306130708138206
1,1,0.9392816706253455
1,0,0.38576792517055336
1,1,0.9704062259115015
1,1,0.8347055268753278
1,1,0.9288919014549818
1,1,0.9860667358247572
1,1,0.9754059010888915
1,1,0.9804652381233696
1,1,0.9740732274531574
1,1,0.9509561986047403
0,0,0.002748830516172594
0,0,0.0024022520979591067
1,1,0.9757673019340876
1,1,0.9583575093972071
1,1,0.9890698904506585
1,1,0.9917845238849003
1,1,0.9660609070146562
1,1,0.990775327603651
0,1,0.5921296700593623
0,0,0.3498993121119825
0,1,0.8333524674881473
1,1,0.9658084820788694
1,0,0.44137263878301736
1,1,0.9658084820788694
1,1,0.9073054080553244
1,1,0.9124354324196436
1,1,0.9658084820788694
1,1,0.9658084820788694
0,0,0.0022529987528253385
1,1,0.8724418379338207
0,0,0.0022529987528253385
1,1,0.6644112898924877
1,1,0.9103689797988826
1,1,0.6941589276205401
1,1,0.7102652479013233
1,1,0.5444979696615513
1,1,0.9320366217512163
0,0,0.05575807209855487
0,0,0.19678582488140461
0,0,0.3208551038097475
0,0,0.002539785617122095
0,1,0.6022646743836149
0,0,0.0024022520979591067
0,0,0.029938863051963433
0,0,0.032154473081271256
1,1,0.9619432261809748
1,1,0.9200713875209613
1,1,0.9606993423036386
1,0,0.3321702049159906
0,0,0.00220049358653972
0,0,0.28691404329242354
0,0,0.0022140124673875336
0,0,0.002924082874671083
0,0,0.040824688179456274
0,0,0.011083454718151446
0,0,0.018469491917496524
0,0,0.301846575373974
0,0,0.014859828176300069
1,1,0.9540207781840783
1,1,0.9686284968275081
1,1,0.9866682161526057
1,1,0.9543465670807297
1,1,0.8989341336073488
1,1,0.9904373829772365
1,1,0.9633526195485292
1,1,0.9382049442587279
1,1,0.9916593508947694
1,1,0.9840077504856583
1,1,0.9730183703128259
1,1,0.9491389915556926
1,1,0.9696514913583477
1,1,0.9628845826701352
0,0,0.08186127085285202
0,0,0.011150063595474382
0,0,0.019824679261253666
0,0,0.061946769147055096
0,0,0.019256133135351024
0,0,0.016193976710580097
1,1,0.9897466652275267
1,1,0.99028856940968
1,1,0.9951802507141195
1,1,0.9951550652706471
