,Georgia,Switzerland,Colombia,Canada,Thailand,Denmark,Norway,South Korea,USA,Russia,Iceland,Qatar,Peru,New Zealand,Hong Kong,Hungary,China,Ireland,Spain,Greece,Argentina,Australia,Luxembourg,Uruguay,England,Italy,Mexico,Germany,Slovakia,Finland,Slovenia,Lithuania,Iran,Japan,Netherlands,Algeria,United Kingdom,Turkey,Nigeria,Cambodia,Israel,Czech Republic,Senegal,Portugal,Poland,Panama,Malaysia,Austria,South Africa,Kuwait,Latvia,Ecuador,Estonia,Democratic Republic of the Congo,Vietnam,Taiwan,Brazil,France,Nepal,Belarus,Korea,Pakistan,Singapore,Ghana,Saudi Arabia,Chile,Sweden,India,Belgium
Georgia,0,4283,5068,4837,5151,4866,967,4872,4994,5389,5445,1058,12,5122,5383,5164,5105,4847,5384,1079,5806,4581,4737,5334,5315,4628,1103,5557,5274,1098,5385,954,5418,7194,5081,5564,5315,1096,5120,525,5558,5540,5385,4604,7087,1079,4606,5799,533,528,1070,5077,1089,4773,17,529,5362,5166,5381,5122,4872,5806,4307,5061,5122,5123,5164,530,4834
Switzerland,4283,0,5268,4565,5335,955,4814,5233,1140,7156,7007,5028,4284,5470,7142,5356,1096,4580,5140,5084,7198,570,5116,5104,6476,4844,5067,7157,4860,5082,5141,4828,6979,5532,5250,5146,6476,5089,5471,4571,7158,5131,7153,539,5445,5072,4819,7186,4557,4588,5080,5219,5086,4482,4286,4582,7123,5355,7146,7118,5233,7193,446,5271,1087,7118,5357,4573,4560
Colombia,5068,5268,0,1076,116,5718,5419,7093,5315,5063,4167,5100,5067,6993,5048,125,5445,1067,570,5178,4563,4982,6935,543,4021,910,5117,4267,7142,5169,555,5452,4159,4564,225,7100,4021,5181,6979,4773,4270,7077,5054,5041,4505,5169,920,4551,4756,4794,5175,180,5177,1108,5069,4784,5033,146,5048,4802,7093,4555,5271,177,5476,4804,126,4770,1077
Canada,4837,4565,1076,0,1101,5115,5352,7188,4726,5804,5008,5088,4835,7155,5789,1110,4828,41,943,5166,5397,4244,7028,960,4788,546,5114,5121,7166,5164,968,5379,4997,4857,1155,7191,4788,5172,7145,4602,5125,7170,5795,4305,4797,5158,535,5385,4584,4625,5161,1054,5168,235,4837,4614,5772,1100,5792,5555,7188,5390,4583,1101,4853,5557,1110,4598,36
Thailand,5151,5335,116,1101,0,5785,5504,7172,5374,5111,4207,5183,5150,7069,5097,36,5506,1093,548,5260,4601,5043,7014,524,4065,950,5198,4303,7218,5251,526,5536,4197,4582,206,7173,4065,5263,7054,4855,4307,7150,5102,5103,4525,5250,958,4588,4837,4875,5258,197,5259,1125,5152,4865,5082,81,5097,4851,7172,4592,5337,152,5537,4853,36,4851,1104
Denmark,4866,955,5718,5115,5785,0,5255,4861,688,7172,7094,5505,4867,5081,7159,5807,542,5129,5564,5560,7215,1138,4762,5521,6500,5419,5540,7245,4348,5553,5561,5273,7067,5185,5681,4614,6500,5562,5083,5174,7245,4603,7170,1095,5102,5547,5395,7202,5160,5189,5558,5662,5561,5026,4870,5184,7141,5807,7163,7205,4861,7209,1043,5720,536,7204,5808,5177,5109
Norway,967,4814,5419,5352,5504,5255,0,4296,5393,4804,5027,539,969,4526,4801,5517,5515,5362,5769,519,5347,5134,4170,5710,4927,5118,558,5131,4831,519,5767,62,5001,7185,5414,5097,4927,518,4525,1092,5131,5075,4801,5154,7077,512,5098,5342,1100,1078,522,5426,517,5283,969,1082,4780,5519,4798,4563,4296,5349,4835,5408,5538,4564,5517,1100,5349
South Korea,4872,5233,7093,7188,7172,4861,4296,0,5029,4616,5302,4614,4875,536,4611,7193,5146,7199,7248,4630,5184,5555,188,7166,4816,7186,4606,5405,920,4600,7229,4325,5272,5799,7009,1087,4816,4614,551,5129,5401,1078,4621,5553,5702,4613,7167,5178,5124,5126,4640,7056,4618,7083,4876,5126,4602,7197,4613,4858,0,5184,5239,7072,5179,4855,7194,5136,7183
USA,4994,1140,5315,4726,5374,688,5393,5029,0,7002,6855,5598,4995,5202,6987,5398,429,4742,5134,5657,6973,1041,4924,5092,6253,5062,5626,7002,4522,5643,5123,5413,6821,4737,5268,4728,6253,5659,5189,5254,7001,4705,6999,1037,4651,5641,5036,6958,5242,5273,5656,5259,5655,4629,4998,5266,6970,5401,6987,7031,5029,6963,1091,5313,461,7031,5399,5256,4722
Russia,5389,7156,5063,5804,5111,7172,4804,4616,7002,0,1107,4589,5390,4278,35,5121,7170,5806,5413,4626,954,7201,4515,5332,1273,5567,4561,1102,5115,4595,5390,4848,1094,5170,4969,4868,1273,4609,4264,5176,1097,4855,17,7239,5098,4612,5564,961,5167,5177,4636,5054,4613,5736,5391,5172,53,5125,104,532,4616,965,7163,5030,7215,529,5122,5179,5801
Iceland,5445,7007,4167,5008,4207,7094,5027,5302,6855,1107,0,4739,5445,4985,1097,4214,7019,5007,4521,4789,563,6974,5182,4446,748,4759,4720,200,5693,4762,4499,5072,177,4742,4076,5459,748,4776,4973,5170,195,5445,1099,7018,4677,4777,4760,565,5158,5174,4796,4164,4778,4956,5446,5169,1092,4218,1102,968,5302,572,7014,4137,7064,970,4215,5172,5006
Qatar,1058,5028,5100,5088,5183,5505,539,4614,5598,4589,4739,0,1058,4795,4586,5194,5723,5096,5481,92,5097,5301,4481,5424,4697,4811,130,4838,5156,151,5480,557,4716,7135,5101,5383,4697,116,4795,903,4839,5362,4585,5327,7029,116,4793,5093,909,885,85,5112,109,5025,1057,889,4565,5196,4584,4300,4614,5100,5052,5088,5747,4302,5194,910,5085
Peru,12,4284,5067,4835,5150,4867,969,4875,4995,5390,5445,1058,0,5124,5384,5163,5106,4846,5382,1079,5807,4582,4740,5332,5315,4626,1104,5558,5277,1099,5384,956,5418,7195,5080,5566,5315,1096,5123,523,5559,5543,5386,4604,7088,1080,4604,5800,530,524,1070,5075,1090,4772,6,526,5363,5165,5383,5123,4875,5807,4308,5060,5123,5124,5163,528,4832
New Zealand,5122,5470,6993,7155,7069,5081,4526,536,5202,4278,4985,4795,5124,0,4273,7090,5320,7166,7146,4816,4825,5750,557,7063,4486,7151,4786,5084,1063,4786,7127,4559,4958,5509,6903,958,4486,4799,189,5335,5080,965,4283,5752,5417,4799,7133,4820,5329,5333,4826,6954,4804,7052,5125,5332,4265,7094,4277,4563,536,4826,5482,6971,5356,4560,7091,5343,7150
Hong Kong,5383,7142,5048,5789,5097,7159,4801,4611,6987,35,1097,4586,5384,4273,0,5107,7156,5791,5399,4623,943,7187,4511,5318,1260,5554,4558,1093,5109,4592,5376,4844,1084,5155,4955,4861,1260,4605,4260,5170,1089,4849,37,7225,5082,4609,5550,950,5162,5171,4633,5040,4609,5722,5385,5167,35,5112,106,533,4611,955,7149,5016,7201,530,5108,5173,5787
Hungary,5164,5356,125,1110,36,5807,5517,7193,5398,5121,4214,5194,5163,7090,5107,0,5528,1101,553,5271,4609,5064,7034,535,4075,952,5210,4310,7240,5263,535,5549,4205,4599,230,7195,4075,5275,7075,4866,4313,7172,5112,5124,4543,5262,961,4596,4849,4887,5269,219,5271,1138,5165,4876,5092,68,5107,4859,7193,4600,5358,177,5559,4862,2,4862,1112
China,5105,1096,5445,4828,5506,542,5515,5146,429,7170,7019,5723,5106,5320,7156,5528,0,4842,5247,5783,7141,985,5040,5208,6415,5171,5758,7170,4617,5776,5244,5536,6993,4844,5406,4834,6415,5786,5321,5370,7170,4822,7168,956,4766,5770,5148,7127,5355,5387,5781,5385,5784,4742,5108,5381,7139,5528,7160,7202,5146,7135,1170,5447,63,7202,5529,5373,4823
Ireland,4847,4580,1067,41,1093,5129,5362,7199,4742,5806,5007,5096,4846,7166,5791,1101,4842,0,933,5174,5397,4259,7039,953,4789,538,5123,5121,7178,5173,960,5389,4997,4861,1151,7202,4789,5181,7156,4612,5125,7181,5797,4319,4801,5167,529,5385,4593,4634,5170,1047,5177,267,4848,4624,5774,1091,5794,5556,7199,5391,4599,1097,4867,5559,1101,4608,27
Spain,5384,5140,570,943,548,5564,5769,7248,5134,5413,4521,5481,5382,7146,5399,553,5247,933,0,5561,4879,4804,7090,110,4309,1061,5502,4625,7226,5555,118,5802,4515,4335,591,7181,4309,5565,7135,5124,4628,7162,5404,4864,4286,5552,1074,4867,5105,5145,5558,513,5561,982,5385,5135,5383,539,5401,5191,7248,4872,5153,597,5276,5194,554,5121,943
Greece,1079,5084,5178,5166,5260,5560,519,4630,5657,4626,4789,92,1079,4816,4623,5271,5783,5174,5561,0,5145,5362,4499,5503,4753,4888,118,4886,5182,103,5559,530,4765,7208,5177,5411,4753,49,4815,938,4887,5389,4622,5387,7102,55,4869,5141,947,921,29,5190,34,5103,1078,925,4602,5273,4621,4337,4630,5148,5106,5165,5807,4339,5271,944,5163
Argentina,5806,7198,4563,5397,4601,7215,5347,5184,6973,954,563,5097,5807,4825,943,4609,7141,5397,4879,5145,0,7168,5076,4801,761,5184,5075,536,5558,5116,4854,5392,573,4609,4461,5278,761,5130,4810,5564,532,5266,948,7210,4548,5131,5184,58,5553,5568,5153,4552,5133,5337,5808,5563,947,4613,952,1088,5184,80,7204,4530,7186,1088,4610,5566,5395
Australia,4581,570,4982,4244,5043,1138,5134,5555,1041,7201,6974,5301,4582,5750,7187,5064,985,4259,4804,5362,7168,0,5433,4773,6436,4572,5339,7124,5158,5359,4805,5150,6947,5246,4963,5400,6436,5368,5749,4820,7125,5385,7197,102,5165,5350,4547,7155,4804,4838,5358,4929,5364,4163,4584,4832,7168,5062,7190,7160,5555,7162,715,4986,979,7161,5064,4821,4239
Luxembourg,4737,5116,6935,7028,7014,4762,4170,188,4924,4515,5182,4481,4740,557,4511,7034,5040,7039,7090,4499,5076,5433,0,7008,4691,7025,4473,5289,947,4470,7072,4200,5152,5698,6850,1119,4691,4484,577,4989,5285,1110,4520,5433,5602,4482,7005,5070,4984,4987,4509,6898,4488,6922,4741,4987,4500,7038,4512,4748,188,5076,5124,6914,5074,4745,7035,4997,7023
Uruguay,5334,5104,543,960,524,5521,5710,7166,5092,5332,4446,5424,5332,7063,5318,535,5208,953,110,5503,4801,4773,7008,0,4229,1073,5443,4549,7146,5496,124,5742,4438,4278,536,7100,4229,5506,7051,5076,4553,7080,5324,4833,4228,5494,1082,4789,5057,5096,5500,467,5503,979,5334,5086,5302,520,5321,5113,7166,4794,5117,554,5238,5116,535,5073,961
England,5315,6476,4021,4788,4065,6500,4927,4816,6253,1273,748,4697,5315,4486,1260,4075,6415,4789,4309,4753,761,6436,4691,4229,0,4609,4681,884,5124,4724,4286,4974,735,4087,3913,4874,0,4740,4474,5095,881,4861,1268,6478,4019,4738,4607,751,5082,5101,4760,4003,4742,4721,5317,5095,1251,4078,1266,1346,4816,761,6484,3988,6461,1347,4076,5097,4785
Italy,4628,4844,910,546,950,5419,5118,7186,5062,5567,4759,4811,4626,7151,5554,952,5171,538,1061,4888,5184,4572,7025,1073,4609,0,4836,4867,7233,4887,1089,5145,4750,5125,1032,7258,4609,4895,7142,4345,4871,7237,5559,4630,5061,4882,78,5173,4327,4366,4883,928,4890,632,4628,4356,5536,942,5556,5279,7186,5179,4863,939,5196,5282,952,4341,546
Mexico,1103,5067,5117,5114,5198,5540,558,4606,5626,4561,4720,130,1104,4786,4558,5210,5758,5123,5502,118,5075,5339,4473,5443,4681,4836,0,4816,5156,98,5499,569,4692,7143,5113,5380,4681,116,4782,949,4816,5356,4557,5366,7037,94,4817,5071,959,936,134,5129,103,5047,1104,938,4537,5212,4555,4271,4606,5077,5086,5102,5783,4273,5210,954,5111
Germany,5557,7157,4267,5121,4303,7245,5131,5405,7002,1102,200,4838,5558,5084,1093,4310,7170,5121,4625,4886,536,7124,5289,4549,884,4867,4816,0,5807,4859,4602,5175,225,4845,4174,5566,884,4872,5069,5278,42,5552,1093,7169,4781,4873,4867,540,5266,5282,4894,4263,4875,5067,5559,5276,1090,4314,1098,960,5405,543,7164,4234,7215,962,4311,5279,5120
Slovakia,5274,4860,7142,7166,7218,4348,4831,920,4522,5115,5693,5156,5277,1063,5109,7240,4617,7178,7226,5182,5558,5158,947,7146,5124,7233,5156,5807,0,5156,7209,4861,5666,5410,7054,537,5124,5168,1088,5556,5803,561,5120,5151,5319,5165,7214,5551,5549,5556,5190,7095,5172,7060,5278,5555,5100,7243,5113,5381,920,5557,4873,7123,4649,5379,7241,5564,7161
Finland,1098,5082,5169,5164,5251,5553,519,4600,5643,4595,4762,151,1099,4786,4592,5263,5776,5173,5555,103,5116,5359,4470,5496,4724,4887,98,4859,5156,0,5551,530,4735,7184,5167,5382,4724,108,4781,964,4859,5358,4591,5385,7077,72,4868,5111,976,952,127,5183,77,5099,1099,954,4571,5265,4588,4307,4600,5117,5096,5156,5800,4308,5263,969,5161
Slovenia,5385,5141,555,968,526,5561,5767,7229,5123,5390,4499,5480,5384,7127,5376,535,5244,960,118,5559,4854,4805,7072,124,4286,1089,5499,4602,7209,5551,0,5799,4490,4309,555,7161,4286,5563,7114,5127,4605,7140,5382,4866,4258,5549,1095,4841,5108,5148,5557,511,5559,992,5386,5138,5360,533,5377,5169,7229,4845,5146,579,5274,5172,536,5123,969
Lithuania,954,4828,5452,5379,5536,5273,62,4325,5413,4848,5072,557,956,4559,4844,5549,5536,5389,5802,530,5392,5150,4200,5742,4974,5145,569,5175,4861,530,5799,0,5045,7229,5446,5130,4974,529,4558,1088,5175,5107,4845,5170,7121,522,5124,5387,1097,1074,534,5458,528,5309,956,1078,4824,5551,4842,4605,4325,5394,4849,5439,5558,4606,5549,1095,5376
Iran,5418,6979,4159,4997,4197,7067,5001,5272,6821,1094,177,4716,5418,4958,1084,4205,6993,4997,4515,4765,573,6947,5152,4438,735,4750,4692,225,5666,4735,4490,5045,0,4731,4062,5431,735,4751,4941,5146,214,5414,1085,6992,4664,4751,4749,563,5135,5151,4773,4156,4753,4937,5420,5145,1077,4210,1081,953,5272,566,6981,4125,7038,954,4205,5147,4995
Japan,7194,5532,4564,4857,4582,5185,7185,5799,4737,5170,4742,7135,7195,5509,5155,4599,4844,4861,4335,7208,4609,5246,5698,4278,4087,5125,7143,4845,5410,7184,4309,7229,4731,0,4438,5123,4087,7201,5497,7163,4844,5117,5168,5280,142,7190,5120,4595,7144,7178,7212,4490,7201,4785,7197,7170,5149,4601,5161,5383,5799,4599,5533,4548,4886,5382,4600,7165,4854
Netherlands,5081,5250,225,1155,206,5681,5414,7009,5268,4969,4076,5101,5080,6903,4955,230,5406,1151,591,5177,4461,4963,6850,536,3913,1032,5113,4174,7054,5167,555,5446,4062,4438,0,7004,3913,5180,6886,4791,4177,6980,4960,5025,4379,5167,1033,4448,4775,4813,5176,221,5176,1143,5082,4802,4939,245,4955,4718,7009,4452,5250,141,5438,4721,231,4788,1159
Algeria,5564,5146,7100,7191,7173,4614,5097,1087,4728,4868,5459,5383,5566,958,4861,7195,4834,7202,7181,5411,5278,5400,1119,7100,4874,7258,5380,5566,537,5382,7161,5130,5431,5123,7004,0,4874,5397,968,5809,5562,151,4873,5397,5035,5393,7239,5271,5801,5810,5420,7052,5400,7084,5568,5809,4854,7198,4865,5174,1087,5277,5154,7079,4869,5171,7196,5816,7186
United Kingdom,5315,6476,4021,4788,4065,6500,4927,4816,6253,1273,748,4697,5315,4486,1260,4075,6415,4789,4309,4753,761,6436,4691,4229,0,4609,4681,884,5124,4724,4286,4974,735,4087,3913,4874,0,4740,4474,5095,881,4861,1268,6478,4019,4738,4607,751,5082,5101,4760,4003,4742,4721,5317,5095,1251,4078,1266,1346,4816,761,6484,3988,6461,1347,4076,5097,4785
Turkey,1096,5089,5181,5172,5263,5562,518,4614,5659,4609,4776,116,1096,4799,4605,5275,5786,5181,5565,49,5130,5368,4484,5506,4740,4895,116,4872,5168,108,5563,529,4751,7201,5180,5397,4740,0,4798,959,4873,5375,4605,5393,7095,55,4877,5126,966,943,71,5193,39,5108,1095,946,4585,5276,4604,4321,4614,5133,5113,5168,5810,4322,5275,964,5170
Nigeria,5120,5471,6979,7145,7054,5083,4525,551,5189,4264,4973,4795,5123,189,4260,7075,5321,7156,7135,4815,4810,5749,577,7051,4474,7142,4782,5069,1088,4781,7114,4558,4941,5497,6886,968,4474,4798,0,5333,5064,947,4270,5753,5402,4796,7123,4804,5328,5332,4825,6942,4802,7040,5124,5331,4252,7080,4260,4548,551,4809,5469,6956,5358,4545,7076,5340,7141
Cambodia,525,4571,4773,4602,4855,5174,1092,5129,5254,5176,5170,903,523,5335,5170,4866,5370,4612,5124,938,5564,4820,4989,5076,5095,4345,949,5278,5556,964,5127,1088,5146,7163,4791,5809,5095,959,5333,0,5279,5786,5171,4848,7058,942,4325,5558,56,61,928,4788,951,4546,522,37,5149,4867,5169,4869,5129,5565,4595,4766,5390,4871,4866,14,4600
Israel,5558,7158,4270,5125,4307,7245,5131,5401,7001,1097,195,4839,5559,5080,1089,4313,7170,5125,4628,4887,532,7125,5285,4553,881,4871,4816,42,5803,4859,4605,5175,214,4844,4177,5562,881,4873,5064,5279,0,5547,1089,7170,4780,4874,4871,532,5268,5283,4895,4267,4875,5071,5560,5278,1086,4318,1091,956,5401,534,7162,4237,7215,957,4314,5280,5123
Czech Republic,5540,5131,7077,7170,7150,4603,5075,1078,4705,4855,5445,5362,5543,965,4849,7172,4822,7181,7162,5389,5266,5385,1110,7080,4861,7237,5356,5552,561,5358,7140,5107,5414,5117,6980,151,4861,5375,947,5786,5547,0,4860,5383,5026,5370,7218,5257,5779,5788,5399,7032,5378,7062,5545,5786,4841,7177,4850,5159,1078,5262,5126,7057,4858,5155,7173,5793,7165
Senegal,5385,7153,5054,5795,5102,7170,4801,4621,6999,17,1099,4585,5386,4283,37,5112,7168,5797,5404,4622,948,7197,4520,5324,1268,5559,4557,1093,5120,4591,5382,4845,1085,5168,4960,4873,1268,4605,4270,5171,1089,4860,0,7235,5096,4608,5555,955,5162,5172,4632,5045,4609,5728,5387,5168,52,5116,105,523,4621,960,7160,5021,7212,521,5113,5174,5793
Portugal,4604,539,5041,4305,5103,1095,5154,5553,1037,7239,7018,5327,4604,5752,7225,5124,956,4319,4864,5387,7210,102,5433,4833,6478,4630,5366,7169,5151,5385,4866,5170,6992,5280,5025,5397,6478,5393,5753,4848,7170,5383,7235,0,5199,5376,4606,7198,4832,4865,5383,4990,5390,4228,4606,4860,7206,5123,7228,7200,5553,7205,696,5047,945,7201,5125,4849,4300
Poland,7087,5445,4505,4797,4525,5102,7077,5702,4651,5098,4677,7029,7088,5417,5082,4543,4766,4801,4286,7102,4548,5165,5602,4228,4019,5061,7037,4781,5319,7077,4258,7121,4664,142,4379,5035,4019,7095,5402,7058,4780,5026,5096,5199,0,7084,5056,4533,7040,7074,7106,4433,7095,4723,7091,7066,5076,4546,5087,5308,5702,4536,5440,4490,4809,5306,4544,7060,4793
Panama,1079,5072,5169,5158,5250,5547,512,4613,5641,4612,4777,116,1080,4799,4609,5262,5770,5167,5552,55,5131,5350,4482,5494,4738,4882,94,4873,5165,72,5549,522,4751,7190,5167,5393,4738,55,4796,942,4874,5370,4608,5376,7084,0,4863,5126,951,928,79,5181,28,5094,1079,931,4588,5264,4606,4324,4613,5133,5093,5155,5794,4326,5262,948,5155
Malaysia,4606,4819,920,535,958,5395,5098,7167,5036,5564,4760,4793,4604,7133,5550,961,5148,529,1074,4869,5184,4547,7005,1082,4607,78,4817,4867,7214,4868,1095,5124,4749,5120,1033,7239,4607,4877,7123,4325,4871,7218,5555,4606,5056,4863,0,5173,4307,4347,4865,941,4872,607,4606,4336,5532,954,5551,5276,7167,5178,4834,947,5173,5279,961,4321,536
Austria,5799,7186,4551,5385,4588,7202,5342,5178,6958,961,565,5093,5800,4820,950,4596,7127,5385,4867,5141,58,7155,5070,4789,751,5173,5071,540,5551,5111,4841,5387,563,4595,4448,5271,751,5126,4804,5558,532,5257,955,7198,4533,5126,5173,0,5547,5563,5149,4541,5129,5325,5801,5557,954,4601,953,1093,5178,33,7188,4519,7173,1092,4597,5560,5383
South Africa,533,4557,4756,4584,4837,5160,1100,5124,5242,5167,5158,909,530,5329,5162,4849,5355,4593,5105,947,5553,4804,4984,5057,5082,4327,959,5266,5549,976,5108,1097,5135,7144,4775,5801,5082,966,5328,56,5268,5779,5162,4832,7040,951,4307,5547,0,73,935,4770,960,4528,529,59,5140,4849,5160,4860,5124,5554,4585,4749,5374,4862,4848,66,4581
Kuwait,528,4588,4794,4625,4875,5189,1078,5126,5273,5177,5174,885,524,5333,5171,4887,5387,4634,5145,921,5568,4838,4987,5096,5101,4366,936,5282,5556,952,5148,1074,5151,7178,4813,5810,5101,943,5332,61,5283,5788,5172,4865,7074,928,4347,5563,73,0,909,4808,935,4569,524,24,5150,4887,5170,4870,5126,5570,4615,4786,5406,4872,4887,71,4622
Latvia,1070,5080,5175,5161,5258,5558,522,4640,5656,4636,4796,85,1070,4826,4633,5269,5781,5170,5558,29,5153,5358,4509,5500,4760,4883,134,4894,5190,127,5557,534,4773,7212,5176,5420,4760,71,4825,928,4895,5399,4632,5383,7106,79,4865,5149,935,909,0,5188,62,5099,1069,913,4612,5271,4631,4347,4640,5156,5104,5163,5805,4348,5269,934,5158
Ecuador,5077,5219,180,1054,197,5662,5426,7056,5259,5054,4164,5112,5075,6954,5040,219,5385,1047,513,5190,4552,4929,6898,467,4003,928,5129,4263,7095,5183,511,5458,4156,4490,221,7052,4003,5193,6942,4788,4267,7032,5045,4990,4433,5181,941,4541,4770,4808,5188,0,5190,1070,5077,4798,5024,190,5043,4802,7056,4545,5233,157,5416,4805,220,4784,1057
Estonia,1089,5086,5177,5168,5259,5561,517,4618,5655,4613,4778,109,1090,4804,4609,5271,5784,5177,5561,34,5133,5364,4488,5503,4742,4890,103,4875,5172,77,5559,528,4753,7201,5176,5400,4742,39,4802,951,4875,5378,4609,5390,7095,28,4872,5129,960,935,62,5190,0,5104,1089,939,4589,5273,4607,4324,4618,5135,5107,5164,5808,4326,5271,956,5165
Democratic Republic of the Congo,4773,4482,1108,235,1125,5026,5283,7083,4629,5736,4956,5025,4772,7052,5722,1138,4742,267,982,5103,5337,4163,6922,979,4721,632,5047,5067,7060,5099,992,5309,4937,4785,1143,7084,4721,5108,7040,4546,5071,7062,5728,4228,4723,5094,607,5325,4528,4569,5099,1070,5104,0,4774,4559,5704,1130,5724,5493,7083,5330,4498,1101,4768,5496,1138,4542,254
Vietnam,17,4286,5069,4837,5152,4870,969,4876,4998,5391,5446,1057,6,5125,5385,5165,5108,4848,5385,1078,5808,4584,4741,5334,5317,4628,1104,5559,5278,1099,5386,956,5420,7197,5082,5568,5317,1095,5124,522,5560,5545,5387,4606,7091,1079,4606,5801,529,524,1069,5077,1089,4774,0,525,5364,5167,5384,5124,4876,5808,4311,5062,5126,5125,5165,528,4834
Taiwan,529,4582,4784,4614,4865,5184,1082,5126,5266,5172,5169,889,526,5332,5167,4876,5381,4624,5135,925,5563,4832,4987,5086,5095,4356,938,5276,5555,954,5138,1078,5145,7170,4802,5809,5095,946,5331,37,5278,5786,5168,4860,7066,931,4336,5557,59,24,913,4798,939,4559,525,0,5145,4877,5166,4865,5126,5564,4609,4776,5400,4867,4876,49,4612
Brazil,5362,7123,5033,5772,5082,7141,4780,4602,6970,53,1092,4565,5363,4265,35,5092,7139,5774,5383,4602,947,7168,4500,5302,1251,5536,4537,1090,5100,4571,5360,4824,1077,5149,4939,4854,1251,4585,4252,5149,1086,4841,52,7206,5076,4588,5532,954,5140,5150,4612,5024,4589,5704,5364,5145,0,5096,111,521,4602,958,7130,5000,7184,519,5092,5152,5770
France,5166,5355,146,1100,81,5807,5519,7197,5401,5125,4218,5196,5165,7094,5112,68,5528,1091,539,5273,4613,5062,7038,520,4078,942,5212,4314,7243,5265,533,5551,4210,4601,245,7198,4078,5276,7080,4867,4318,7177,5116,5123,4546,5264,954,4601,4849,4887,5271,190,5273,1130,5167,4877,5096,0,5113,4864,7197,4605,5363,172,5558,4867,68,4863,1103
Nepal,5381,7146,5048,5792,5097,7163,4798,4613,6987,104,1102,4584,5383,4277,106,5107,7160,5794,5401,4621,952,7190,4512,5321,1266,5556,4555,1098,5113,4588,5377,4842,1081,5161,4955,4865,1266,4604,4260,5169,1091,4850,105,7228,5087,4606,5551,953,5160,5170,4631,5043,4607,5724,5384,5166,111,5113,0,529,4613,956,7146,5017,7205,523,5108,5172,5790
Belarus,5122,7118,4802,5555,4851,7205,4563,4858,7031,532,968,4300,5123,4563,533,4859,7202,5556,5191,4337,1088,7160,4748,5113,1346,5279,4271,960,5381,4307,5169,4605,953,5383,4718,5174,1346,4321,4548,4869,956,5159,523,7200,5308,4324,5276,1093,4860,4870,4347,4802,4324,5493,5124,4865,521,4864,529,0,4858,1097,7123,4770,7246,22,4860,4871,5553
Korea,4872,5233,7093,7188,7172,4861,4296,0,5029,4616,5302,4614,4875,536,4611,7193,5146,7199,7248,4630,5184,5555,188,7166,4816,7186,4606,5405,920,4600,7229,4325,5272,5799,7009,1087,4816,4614,551,5129,5401,1078,4621,5553,5702,4613,7167,5178,5124,5126,4640,7056,4618,7083,4876,5126,4602,7197,4613,4858,0,5184,5239,7072,5179,4855,7194,5136,7183
Pakistan,5806,7193,4555,5390,4592,7209,5349,5184,6963,965,572,5100,5807,4826,955,4600,7135,5391,4872,5148,80,7162,5076,4794,761,5179,5077,543,5557,5117,4845,5394,566,4599,4452,5277,761,5133,4809,5565,534,5262,960,7205,4536,5133,5178,33,5554,5570,5156,4545,5135,5330,5808,5564,958,4605,956,1097,5184,0,7194,4522,7181,1096,4601,5567,5388
Singapore,4307,446,5271,4583,5337,1043,4835,5239,1091,7163,7014,5052,4308,5482,7149,5358,1170,4599,5153,5106,7204,715,5124,5117,6484,4863,5086,7164,4873,5096,5146,4849,6981,5533,5250,5154,6484,5113,5469,4595,7162,5126,7160,696,5440,5093,4834,7188,4585,4615,5104,5233,5107,4498,4311,4609,7130,5363,7146,7123,5239,7194,0,5277,1161,7122,5359,4597,4578
Ghana,5061,5271,177,1101,152,5720,5408,7072,5313,5030,4137,5088,5060,6971,5016,177,5447,1097,597,5165,4530,4986,6914,554,3988,939,5102,4234,7123,5156,579,5439,4125,4548,141,7079,3988,5168,6956,4766,4237,7057,5021,5047,4490,5155,947,4519,4749,4786,5163,157,5164,1101,5062,4776,5000,172,5017,4770,7072,4522,5277,0,5479,4773,177,4762,1106
Saudi Arabia,5122,1087,5476,4853,5537,536,5538,5179,461,7215,7064,5747,5123,5356,7201,5559,63,4867,5276,5807,7186,979,5074,5238,6461,5196,5783,7215,4649,5800,5274,5558,7038,4886,5438,4869,6461,5810,5358,5390,7215,4858,7212,945,4809,5794,5173,7173,5374,5406,5805,5416,5808,4768,5126,5400,7184,5558,7205,7246,5179,7181,1161,5479,0,7246,5560,5393,4847
Chile,5123,7118,4804,5557,4853,7204,4564,4855,7031,529,970,4302,5124,4560,530,4862,7202,5559,5194,4339,1088,7161,4745,5116,1347,5282,4273,962,5379,4308,5172,4606,954,5382,4721,5171,1347,4322,4545,4871,957,5155,521,7201,5306,4326,5279,1092,4862,4872,4348,4805,4326,5496,5125,4867,519,4867,523,22,4855,1096,7122,4773,7246,0,4862,4873,5555
Sweden,5164,5357,126,1110,36,5808,5517,7194,5399,5122,4215,5194,5163,7091,5108,2,5529,1101,554,5271,4610,5064,7035,535,4076,952,5210,4311,7241,5263,536,5549,4205,4600,231,7196,4076,5275,7076,4866,4314,7173,5113,5125,4544,5262,961,4597,4848,4887,5269,220,5271,1138,5165,4876,5092,68,5108,4860,7194,4601,5359,177,5560,4862,0,4862,1112
India,530,4573,4770,4598,4851,5177,1100,5136,5256,5179,5172,910,528,5343,5173,4862,5373,4608,5121,944,5566,4821,4997,5073,5097,4341,954,5279,5564,969,5123,1095,5147,7165,4788,5816,5097,964,5340,14,5280,5793,5174,4849,7060,948,4321,5560,66,71,934,4784,956,4542,528,49,5152,4863,5172,4871,5136,5567,4597,4762,5393,4873,4862,0,4596
Belgium,4834,4560,1077,36,1104,5109,5349,7183,4722,5801,5006,5085,4832,7150,5787,1112,4823,27,943,5163,5395,4239,7023,961,4785,546,5111,5120,7161,5161,969,5376,4995,4854,1159,7186,4785,5170,7141,4600,5123,7165,5793,4300,4793,5155,536,5383,4581,4622,5158,1057,5165,254,4834,4612,5770,1103,5790,5553,7183,5388,4578,1106,4847,5555,1112,4596,0
